[{"model": "flows.flow", "pk": "2513e289-9e43-44c1-b02f-a707a2ba0a53", "fields": {"id": "1db94fae-f8ad-4364-a4a6-5b8195ba5177", "site": 1, "date": "2023-02-12T21:18:29.513Z", "name": "test", "enabled": true, "trigger": "test", "user": 1, "preview_context": {"contact": {"key": "SAMPLE_KEY", "name": "SAMPLE_CONTACT_NAME"}, "some_key": "some_value"}, "environments": []}}, {"model": "flows.flow", "pk": "3129586e-a313-4a77-9965-f683beb702e0", "fields": {"id": "1db94fae-f8ad-4364-a4a6-5b8195ba5177", "site": 1, "date": "2023-02-12T21:18:14.493Z", "name": "test", "enabled": true, "trigger": "test", "user": 1, "preview_context": {"contact": {"key": "SAMPLE_KEY", "name": "SAMPLE_CONTACT_NAME"}, "some_key": "some_value"}, "environments": []}}, {"model": "flows.flow", "pk": "37370949-90b3-4580-877a-e7afdf6e12c7", "fields": {"id": "1db94fae-f8ad-4364-a4a6-5b8195ba5177", "site": 1, "date": "2023-02-12T21:17:50.065Z", "name": "test", "enabled": true, "trigger": "test", "user": 1, "preview_context": {"contact": {"key": "SAMPLE_KEY", "name": "SAMPLE_CONTACT_NAME"}, "some_key": "some_value"}, "environments": []}}, {"model": "flows.flow", "pk": "4f9dd567-0040-4ab6-93bf-8348d02ddc30", "fields": {"id": "1db94fae-f8ad-4364-a4a6-5b8195ba5177", "site": 1, "date": "2023-02-12T21:17:38.359Z", "name": "test", "enabled": true, "trigger": "test", "user": 1, "preview_context": {"contact": {"key": "SAMPLE_KEY", "name": "SAMPLE_CONTACT_NAME"}, "some_key": "some_value"}, "environments": []}}, {"model": "flows.flow", "pk": "8bc3ee5d-1a2b-4475-9c3c-ff115c4e4568", "fields": {"id": "1db94fae-f8ad-4364-a4a6-5b8195ba5177", "site": 1, "date": "2023-02-12T21:17:58.237Z", "name": "test", "enabled": true, "trigger": "test", "user": 1, "preview_context": {"contact": {"key": "SAMPLE_KEY", "name": "SAMPLE_CONTACT_NAME"}, "some_key": "some_value"}, "environments": []}}, {"model": "flows.flow", "pk": "c1be89ac-397a-4d41-b6b0-46ecfaaa5b4e", "fields": {"id": "1db94fae-f8ad-4364-a4a6-5b8195ba5177", "site": 1, "date": "2023-02-12T21:19:42.319Z", "name": "test", "enabled": true, "trigger": "test", "user": 1, "preview_context": {"contact": {"key": "SAMPLE_KEY", "name": "SAMPLE_CONTACT_NAME"}, "some_key": "some_value"}, "environments": [3]}}, {"model": "flows.flow", "pk": "c4f27d76-8f66-46ed-82ff-ad9ca1f40444", "fields": {"id": "1db94fae-f8ad-4364-a4a6-5b8195ba5177", "site": 1, "date": "2023-02-12T21:19:09.158Z", "name": "test", "enabled": true, "trigger": "test", "user": 1, "preview_context": {"contact": {"key": "SAMPLE_KEY", "name": "SAMPLE_CONTACT_NAME"}, "some_key": "some_value"}, "environments": []}}, {"model": "flows.flowstep", "pk": 240, "fields": {"flow": "37370949-90b3-4580-877a-e7afdf6e12c7", "site": 1, "order": 1, "content_type": ["flows", "delay"]}}, {"model": "flows.flowstep", "pk": 241, "fields": {"flow": "8bc3ee5d-1a2b-4475-9c3c-ff115c4e4568", "site": 1, "order": 1, "content_type": ["flows", "delay"]}}, {"model": "flows.flowstep", "pk": 242, "fields": {"flow": "8bc3ee5d-1a2b-4475-9c3c-ff115c4e4568", "site": 1, "order": 2, "content_type": ["flows", "group"]}}, {"model": "flows.flowstep", "pk": 243, "fields": {"flow": "3129586e-a313-4a77-9965-f683beb702e0", "site": 1, "order": 1, "content_type": ["flows", "delay"]}}, {"model": "flows.flowstep", "pk": 244, "fields": {"flow": "3129586e-a313-4a77-9965-f683beb702e0", "site": 1, "order": 2, "content_type": ["flows", "group"]}}, {"model": "flows.flowstep", "pk": 245, "fields": {"flow": "3129586e-a313-4a77-9965-f683beb702e0", "site": 1, "order": 3, "content_type": ["flows", "email"]}}, {"model": "flows.flowstep", "pk": 246, "fields": {"flow": "2513e289-9e43-44c1-b02f-a707a2ba0a53", "site": 1, "order": 1, "content_type": ["flows", "delay"]}}, {"model": "flows.flowstep", "pk": 247, "fields": {"flow": "2513e289-9e43-44c1-b02f-a707a2ba0a53", "site": 1, "order": 2, "content_type": ["flows", "group"]}}, {"model": "flows.flowstep", "pk": 248, "fields": {"flow": "2513e289-9e43-44c1-b02f-a707a2ba0a53", "site": 1, "order": 3, "content_type": ["flows", "email"]}}, {"model": "flows.flowstep", "pk": 249, "fields": {"flow": "2513e289-9e43-44c1-b02f-a707a2ba0a53", "site": 1, "order": 4, "content_type": ["flows", "push"]}}, {"model": "flows.flowstep", "pk": 250, "fields": {"flow": "c4f27d76-8f66-46ed-82ff-ad9ca1f40444", "site": 1, "order": 1, "content_type": ["flows", "delay"]}}, {"model": "flows.flowstep", "pk": 251, "fields": {"flow": "c4f27d76-8f66-46ed-82ff-ad9ca1f40444", "site": 1, "order": 2, "content_type": ["flows", "group"]}}, {"model": "flows.flowstep", "pk": 252, "fields": {"flow": "c4f27d76-8f66-46ed-82ff-ad9ca1f40444", "site": 1, "order": 3, "content_type": ["flows", "email"]}}, {"model": "flows.flowstep", "pk": 253, "fields": {"flow": "c4f27d76-8f66-46ed-82ff-ad9ca1f40444", "site": 1, "order": 4, "content_type": ["flows", "push"]}}, {"model": "flows.flowstep", "pk": 254, "fields": {"flow": "c4f27d76-8f66-46ed-82ff-ad9ca1f40444", "site": 1, "order": 5, "content_type": ["flows", "webhook"]}}, {"model": "flows.flowstep", "pk": 255, "fields": {"flow": "c1be89ac-397a-4d41-b6b0-46ecfaaa5b4e", "site": 1, "order": 1, "content_type": ["flows", "delay"]}}, {"model": "flows.flowstep", "pk": 256, "fields": {"flow": "c1be89ac-397a-4d41-b6b0-46ecfaaa5b4e", "site": 1, "order": 2, "content_type": ["flows", "group"]}}, {"model": "flows.flowstep", "pk": 257, "fields": {"flow": "c1be89ac-397a-4d41-b6b0-46ecfaaa5b4e", "site": 1, "order": 3, "content_type": ["flows", "email"]}}, {"model": "flows.flowstep", "pk": 258, "fields": {"flow": "c1be89ac-397a-4d41-b6b0-46ecfaaa5b4e", "site": 1, "order": 4, "content_type": ["flows", "push"]}}, {"model": "flows.flowstep", "pk": 259, "fields": {"flow": "c1be89ac-397a-4d41-b6b0-46ecfaaa5b4e", "site": 1, "order": 5, "content_type": ["flows", "webhook"]}}, {"model": "flows.flowstep", "pk": 260, "fields": {"flow": "c1be89ac-397a-4d41-b6b0-46ecfaaa5b4e", "site": 1, "order": 6, "content_type": ["inbox", "inbox"]}}, {"model": "flows.delay", "pk": 255, "fields": {"time": "00:00:05"}}, {"model": "flows.delay", "pk": 250, "fields": {"time": "00:00:05"}}, {"model": "flows.delay", "pk": 246, "fields": {"time": "00:00:05"}}, {"model": "flows.delay", "pk": 243, "fields": {"time": "00:00:05"}}, {"model": "flows.delay", "pk": 241, "fields": {"time": "00:00:05"}}, {"model": "flows.delay", "pk": 240, "fields": {"time": "00:00:05"}}, {"model": "flows.email", "pk": 257, "fields": {"subject": "Test email", "html_body": "test", "text_body": "test", "autogenerate_text": true, "from_email": ""}}, {"model": "flows.email", "pk": 252, "fields": {"subject": "Test email", "html_body": "test", "text_body": "test", "autogenerate_text": true, "from_email": ""}}, {"model": "flows.email", "pk": 248, "fields": {"subject": "Test email", "html_body": "test", "text_body": "test", "autogenerate_text": true, "from_email": ""}}, {"model": "flows.email", "pk": 245, "fields": {"subject": "Test email", "html_body": "test", "text_body": "test", "autogenerate_text": true, "from_email": ""}}, {"model": "flows.group", "pk": 256, "fields": {"window": "00:00:05", "key": "test"}}, {"model": "flows.group", "pk": 251, "fields": {"window": "00:00:05", "key": "test"}}, {"model": "flows.group", "pk": 247, "fields": {"window": "00:00:05", "key": "test"}}, {"model": "flows.group", "pk": 244, "fields": {"window": "00:00:05", "key": "test"}}, {"model": "flows.group", "pk": 242, "fields": {"window": "00:00:05", "key": "test"}}, {"model": "flows.push", "pk": 258, "fields": {"title": "test", "body": "test", "url": "http://www.exmaple.com"}}, {"model": "flows.push", "pk": 253, "fields": {"title": "test", "body": "test", "url": "http://www.exmaple.com"}}, {"model": "flows.push", "pk": 249, "fields": {"title": "test", "body": "test", "url": "http://www.exmaple.com"}}, {"model": "flows.webhook", "pk": 259, "fields": {"url": "http://www.exmaple.com", "method": "POST", "contenttype": "application/json", "body": "{\"foo\":\"bar\"}", "skip_ssl": false}}, {"model": "flows.webhook", "pk": 254, "fields": {"url": "http://www.exmaple.com", "method": "POST", "contenttype": "application/json", "body": "{\"foo\":\"bar\"}", "skip_ssl": false}}]